{
    "answers": {
        "phase": ["requirements gathering", "requirements specification", "architecture", "design", "coding", "testing", "deployment"],
        "action": ["problem understanding", "stakeholder statement", "requirements (functional)", "requirements (non-functional)", "use case specification", "architectural decision", "design decision","data design", "source code authoring", "unit testing", "functional testing", "integration testing", "performance testing","other testing", "dev-ops", "vm operations", "container operations","network operations", "code management"],
        "scope": ["documentation (text)", "uml activity", "uml sequence", "uml component", "uml deployment", "uml class", "uml other", "database design", "frontend", "data management", "backend", "api", "cli", "test cases", "test code driver", "test execution scripts", "deployment scripts", "code management actions"],
        "action experience": ["little"],
        "prog lang": ["js", "js-node", "sql"],
        "other prog lang": "<fill in>",
        "tool": ["chat gpt 3.5"],
        "other tool": "",
        "tool option": ["free"],
        "tool experience": ["none"],
        "time allocated (h)": "<fill in>",
        "time saved estimate (h)": "120", 
        "quality of ai help": ["minor modifications needed"],
        "generic feeling": ["great in the future"],
        "notes": "<fill in>"
    }
}